NAME	biosample_id	biosample_type	disease	disease__ontology_label	organ	organ__ontology_label	library_preparation_protocol	library_preparation_protocol__ontology_label	donor_id	species	species__ontology_label	sex	is_living	preservation_method	manylabel_field
TYPE	group	group	group	group	group	group	group	group	group	group	group	group	group	group	group
AC_1	AC_D06_02	PrimaryBioSample	MONDO_0007186	gastroesophageal reflux disease	UBERON_0000945	stomach	EFO_0008780	inDrop	AC_D06	NCBITaxon_10090	Mus musculus	male	yes	Frozen	cell_type1
AC_2	AC_D06_02	PrimaryBioSample	MONDO_0007186	gastroesophageal reflux disease	UBERON_0000945	stomach	EFO_0008780	inDrop	AC_D06	NCBITaxon_10090	Mus musculus	male	yes	Frozen	cell_type2
AC_3	AC_D06_02	PrimaryBioSample	MONDO_0007186	gastroesophageal reflux disease	UBERON_0000945	stomach	EFO_0008780	inDrop	AC_D06	NCBITaxon_10090	Mus musculus	male	yes	Frozen	cell_type3
AC_4	AC_D06_02	PrimaryBioSample	MONDO_0007186	gastroesophageal reflux disease	UBERON_0000945	stomach	EFO_0008780	inDrop	AC_D06	NCBITaxon_10090	Mus musculus	male	yes	Frozen	cell_type4
AC_5	AC_D06_02	PrimaryBioSample	MONDO_0007186	gastroesophageal reflux disease	UBERON_0000945	stomach	EFO_0008780	inDrop	AC_D06	NCBITaxon_10090	Mus musculus	male	yes	Frozen	cell_type5
AC_6	AC_D06_02	PrimaryBioSample	MONDO_0007186	gastroesophageal reflux disease	UBERON_0000945	stomach	EFO_0008780	inDrop	AC_D06	NCBITaxon_10090	Mus musculus	male	yes	Frozen	cell_type6
AC_7	AC_D06_02	PrimaryBioSample	MONDO_0007186	gastroesophageal reflux disease	UBERON_0000945	stomach	EFO_0008780	inDrop	AC_D06	NCBITaxon_10090	Mus musculus	male	yes	Frozen	cell_type7
AC_8	AC_D06_02	PrimaryBioSample	MONDO_0007186	gastroesophageal reflux disease	UBERON_0000945	stomach	EFO_0008780	inDrop	AC_D06	NCBITaxon_10090	Mus musculus	male	yes	Frozen	cell_type8
AC_9	AC_D06_02	PrimaryBioSample	MONDO_0007186	gastroesophageal reflux disease	UBERON_0000945	stomach	EFO_0008780	inDrop	AC_D06	NCBITaxon_10090	Mus musculus	male	yes	Frozen	cell_type9
AC_10	AC_D06_02	PrimaryBioSample	MONDO_0007186	gastroesophageal reflux disease	UBERON_0000945	stomach	EFO_0008780	inDrop	AC_D06	NCBITaxon_10090	Mus musculus	male	yes	Frozen	cell_type10
AC_11	AC_D06_01	PrimaryBioSample	MONDO_0007186	gastroesophageal reflux disease	UBERON_0000945	stomach	EFO_0008780	inDrop	AC_D06	NCBITaxon_10090	Mus musculus	male	yes	Frozen	cell_type11
AC_12	AC_D06_01	PrimaryBioSample	MONDO_0007186	gastroesophageal reflux disease	UBERON_0000945	stomach	EFO_0008780	inDrop	AC_D06	NCBITaxon_10090	Mus musculus	male	yes	Frozen	cell_type12
AC_13	AC_D06_01	PrimaryBioSample	MONDO_0007186	gastroesophageal reflux disease	UBERON_0000945	stomach	EFO_0008780	inDrop	AC_D06	NCBITaxon_10090	Mus musculus	male	yes	Frozen	cell_type13
AC_14	AC_D06_01	PrimaryBioSample	MONDO_0007186	gastroesophageal reflux disease	UBERON_0000945	stomach	EFO_0008780	inDrop	AC_D06	NCBITaxon_10090	Mus musculus	male	yes	Frozen	cell_type14
AC_15	AC_D06_01	PrimaryBioSample	MONDO_0007186	gastroesophageal reflux disease	UBERON_0000945	stomach	EFO_0008780	inDrop	AC_D06	NCBITaxon_10090	Mus musculus	male	yes	Frozen	cell_type15
AC_16	AC_D06_01	PrimaryBioSample	MONDO_0007186	gastroesophageal reflux disease	UBERON_0000945	stomach	EFO_0008780	inDrop	AC_D06	NCBITaxon_10090	Mus musculus	male	yes	Frozen	cell_type16
AC_17	AC_D06_01	PrimaryBioSample	MONDO_0007186	gastroesophageal reflux disease	UBERON_0000945	stomach	EFO_0008780	inDrop	AC_D06	NCBITaxon_10090	Mus musculus	male	yes	Frozen	cell_type17
AC_18	AC_D06_01	PrimaryBioSample	MONDO_0007186	gastroesophageal reflux disease	UBERON_0000945	stomach	EFO_0008780	inDrop	AC_D06	NCBITaxon_10090	Mus musculus	male	yes	Frozen	cell_type18
AC_19	AC_D06_01	PrimaryBioSample	MONDO_0007186	gastroesophageal reflux disease	UBERON_0000945	stomach	EFO_0008780	inDrop	AC_D06	NCBITaxon_10090	Mus musculus	male	yes	Frozen	cell_type19
AC_20	AC_D06_01	PrimaryBioSample	MONDO_0007186	gastroesophageal reflux disease	UBERON_0000945	stomach	EFO_0008780	inDrop	AC_D06	NCBITaxon_10090	Mus musculus	male	yes	Frozen	cell_type20
AC_21	AC_D05_03	PrimaryBioSample	MONDO_0007186	gastroesophageal reflux disease	UBERON_0000945	stomach	EFO_0008780	inDrop	AC_D05	NCBITaxon_10090	Mus musculus	male	yes	Frozen	cell_type21
AC_22	AC_D05_03	PrimaryBioSample	MONDO_0007186	gastroesophageal reflux disease	UBERON_0000945	stomach	EFO_0008780	inDrop	AC_D05	NCBITaxon_10090	Mus musculus	male	yes	Frozen	cell_type22
AC_23	AC_D05_03	PrimaryBioSample	MONDO_0007186	gastroesophageal reflux disease	UBERON_0000945	stomach	EFO_0008780	inDrop	AC_D05	NCBITaxon_10090	Mus musculus	male	yes	Frozen	cell_type23
AC_24	AC_D05_03	PrimaryBioSample	MONDO_0007186	gastroesophageal reflux disease	UBERON_0000945	stomach	EFO_0008780	inDrop	AC_D05	NCBITaxon_10090	Mus musculus	male	yes	Frozen	cell_type24
AC_25	AC_D05_03	PrimaryBioSample	MONDO_0007186	gastroesophageal reflux disease	UBERON_0000945	stomach	EFO_0008780	inDrop	AC_D05	NCBITaxon_10090	Mus musculus	male	yes	Frozen	cell_type25
AC_26	AC_D05_03	PrimaryBioSample	MONDO_0007186	gastroesophageal reflux disease	UBERON_0000945	stomach	EFO_0008780	inDrop	AC_D05	NCBITaxon_10090	Mus musculus	male	yes	Frozen	cell_type26
AC_27	AC_D05_03	PrimaryBioSample	MONDO_0007186	gastroesophageal reflux disease	UBERON_0000945	stomach	EFO_0008780	inDrop	AC_D05	NCBITaxon_10090	Mus musculus	male	yes	Frozen	cell_type27
AC_28	AC_D05_03	PrimaryBioSample	MONDO_0007186	gastroesophageal reflux disease	UBERON_0000945	stomach	EFO_0008780	inDrop	AC_D05	NCBITaxon_10090	Mus musculus	male	yes	Frozen	cell_type28
AC_29	AC_D05_03	PrimaryBioSample	MONDO_0007186	gastroesophageal reflux disease	UBERON_0000945	stomach	EFO_0008780	inDrop	AC_D05	NCBITaxon_10090	Mus musculus	male	yes	Frozen	cell_type29
AC_30	AC_D05_03	PrimaryBioSample	MONDO_0007186	gastroesophageal reflux disease	UBERON_0000945	stomach	EFO_0008780	inDrop	AC_D05	NCBITaxon_10090	Mus musculus	male	yes	Frozen	cell_type30
AC_31	AC_D05_02	PrimaryBioSample	MONDO_0007186	gastroesophageal reflux disease	UBERON_0000945	stomach	EFO_0008780	inDrop	AC_D05	NCBITaxon_10090	Mus musculus	male	yes	Frozen	cell_type31
AC_32	AC_D05_02	PrimaryBioSample	MONDO_0007186	gastroesophageal reflux disease	UBERON_0000945	stomach	EFO_0008780	inDrop	AC_D05	NCBITaxon_10090	Mus musculus	male	yes	Frozen	cell_type32
AC_33	AC_D05_02	PrimaryBioSample	MONDO_0007186	gastroesophageal reflux disease	UBERON_0000945	stomach	EFO_0008780	inDrop	AC_D05	NCBITaxon_10090	Mus musculus	male	yes	Frozen	cell_type33
AC_34	AC_D05_02	PrimaryBioSample	MONDO_0007186	gastroesophageal reflux disease	UBERON_0000945	stomach	EFO_0008780	inDrop	AC_D05	NCBITaxon_10090	Mus musculus	male	yes	Frozen	cell_type34
AC_35	AC_D05_02	PrimaryBioSample	MONDO_0007186	gastroesophageal reflux disease	UBERON_0000945	stomach	EFO_0008780	inDrop	AC_D05	NCBITaxon_10090	Mus musculus	male	yes	Frozen	cell_type35
AC_36	AC_D05_02	PrimaryBioSample	MONDO_0007186	gastroesophageal reflux disease	UBERON_0000945	stomach	EFO_0008780	inDrop	AC_D05	NCBITaxon_10090	Mus musculus	male	yes	Frozen	cell_type36
AC_37	AC_D05_02	PrimaryBioSample	MONDO_0007186	gastroesophageal reflux disease	UBERON_0000945	stomach	EFO_0008780	inDrop	AC_D05	NCBITaxon_10090	Mus musculus	male	yes	Frozen	cell_type37
AC_38	AC_D05_02	PrimaryBioSample	MONDO_0007186	gastroesophageal reflux disease	UBERON_0000945	stomach	EFO_0008780	inDrop	AC_D05	NCBITaxon_10090	Mus musculus	male	yes	Frozen	cell_type38
AC_39	AC_D05_02	PrimaryBioSample	MONDO_0007186	gastroesophageal reflux disease	UBERON_0000945	stomach	EFO_0008780	inDrop	AC_D05	NCBITaxon_10090	Mus musculus	male	yes	Frozen	cell_type39
AC_40	AC_D05_02	PrimaryBioSample	MONDO_0007186	gastroesophageal reflux disease	UBERON_0000945	stomach	EFO_0008780	inDrop	AC_D05	NCBITaxon_10090	Mus musculus	male	yes	Frozen	cell_type40
AC_41	AC_D05_01	PrimaryBioSample	MONDO_0007186	gastroesophageal reflux disease	UBERON_0000945	stomach	EFO_0008780	inDrop	AC_D05	NCBITaxon_10090	Mus musculus	male	yes	Frozen	cell_type41
AC_42	AC_D05_01	PrimaryBioSample	MONDO_0007186	gastroesophageal reflux disease	UBERON_0000945	stomach	EFO_0008780	inDrop	AC_D05	NCBITaxon_10090	Mus musculus	male	yes	Frozen	cell_type42
AC_43	AC_D05_01	PrimaryBioSample	MONDO_0007186	gastroesophageal reflux disease	UBERON_0000945	stomach	EFO_0008780	inDrop	AC_D05	NCBITaxon_10090	Mus musculus	male	yes	Frozen	cell_type43
AC_44	AC_D05_01	PrimaryBioSample	MONDO_0007186	gastroesophageal reflux disease	UBERON_0000945	stomach	EFO_0008780	inDrop	AC_D05	NCBITaxon_10090	Mus musculus	male	yes	Frozen	cell_type44
AC_45	AC_D05_01	PrimaryBioSample	MONDO_0007186	gastroesophageal reflux disease	UBERON_0000945	stomach	EFO_0008780	inDrop	AC_D05	NCBITaxon_10090	Mus musculus	male	yes	Frozen	cell_type45
AC_46	AC_D05_01	PrimaryBioSample	MONDO_0007186	gastroesophageal reflux disease	UBERON_0000945	stomach	EFO_0008780	inDrop	AC_D05	NCBITaxon_10090	Mus musculus	male	yes	Frozen	cell_type46
AC_47	AC_D05_01	PrimaryBioSample	MONDO_0007186	gastroesophageal reflux disease	UBERON_0000945	stomach	EFO_0008780	inDrop	AC_D05	NCBITaxon_10090	Mus musculus	male	yes	Frozen	cell_type47
AC_48	AC_D05_01	PrimaryBioSample	MONDO_0007186	gastroesophageal reflux disease	UBERON_0000945	stomach	EFO_0008780	inDrop	AC_D05	NCBITaxon_10090	Mus musculus	male	yes	Frozen	cell_type48
AC_49	AC_D05_01	PrimaryBioSample	MONDO_0007186	gastroesophageal reflux disease	UBERON_0000945	stomach	EFO_0008780	inDrop	AC_D05	NCBITaxon_10090	Mus musculus	male	yes	Frozen	cell_type49
AC_50	AC_D05_01	PrimaryBioSample	MONDO_0007186	gastroesophageal reflux disease	UBERON_0000945	stomach	EFO_0008780	inDrop	AC_D05	NCBITaxon_10090	Mus musculus	male	yes	Frozen	cell_type50
AC_51	AC_D04_03	PrimaryBioSample	MONDO_0007186	gastroesophageal reflux disease	UBERON_0000945	stomach	EFO_0008780	inDrop	AC_D04	NCBITaxon_10090	Mus musculus	male	yes	Frozen	cell_type51
AC_52	AC_D04_03	PrimaryBioSample	MONDO_0007186	gastroesophageal reflux disease	UBERON_0000945	stomach	EFO_0008780	inDrop	AC_D04	NCBITaxon_10090	Mus musculus	male	yes	Frozen	cell_type52
AC_53	AC_D04_03	PrimaryBioSample	MONDO_0007186	gastroesophageal reflux disease	UBERON_0000945	stomach	EFO_0008780	inDrop	AC_D04	NCBITaxon_10090	Mus musculus	male	yes	Frozen	cell_type53
AC_54	AC_D04_03	PrimaryBioSample	MONDO_0007186	gastroesophageal reflux disease	UBERON_0000945	stomach	EFO_0008780	inDrop	AC_D04	NCBITaxon_10090	Mus musculus	male	yes	Frozen	cell_type54
AC_55	AC_D04_03	PrimaryBioSample	MONDO_0007186	gastroesophageal reflux disease	UBERON_0000945	stomach	EFO_0008780	inDrop	AC_D04	NCBITaxon_10090	Mus musculus	male	yes	Frozen	cell_type55
AC_56	AC_D04_03	PrimaryBioSample	MONDO_0007186	gastroesophageal reflux disease	UBERON_0000945	stomach	EFO_0008780	inDrop	AC_D04	NCBITaxon_10090	Mus musculus	male	yes	Frozen	cell_type56
AC_57	AC_D04_03	PrimaryBioSample	MONDO_0007186	gastroesophageal reflux disease	UBERON_0000945	stomach	EFO_0008780	inDrop	AC_D04	NCBITaxon_10090	Mus musculus	male	yes	Frozen	cell_type57
AC_58	AC_D04_03	PrimaryBioSample	MONDO_0007186	gastroesophageal reflux disease	UBERON_0000945	stomach	EFO_0008780	inDrop	AC_D04	NCBITaxon_10090	Mus musculus	male	yes	Frozen	cell_type58
AC_59	AC_D04_03	PrimaryBioSample	MONDO_0007186	gastroesophageal reflux disease	UBERON_0000945	stomach	EFO_0008780	inDrop	AC_D04	NCBITaxon_10090	Mus musculus	male	yes	Frozen	cell_type59
AC_60	AC_D04_03	PrimaryBioSample	MONDO_0007186	gastroesophageal reflux disease	UBERON_0000945	stomach	EFO_0008780	inDrop	AC_D04	NCBITaxon_10090	Mus musculus	male	yes	Frozen	cell_type60
AC_61	AC_D04_02	PrimaryBioSample	MONDO_0007186	gastroesophageal reflux disease	UBERON_0000945	stomach	EFO_0008780	inDrop	AC_D04	NCBITaxon_10090	Mus musculus	male	yes	Frozen	cell_type61
AC_62	AC_D04_02	PrimaryBioSample	MONDO_0007186	gastroesophageal reflux disease	UBERON_0000945	stomach	EFO_0008780	inDrop	AC_D04	NCBITaxon_10090	Mus musculus	male	yes	Frozen	cell_type62
AC_63	AC_D04_02	PrimaryBioSample	MONDO_0007186	gastroesophageal reflux disease	UBERON_0000945	stomach	EFO_0008780	inDrop	AC_D04	NCBITaxon_10090	Mus musculus	male	yes	Frozen	cell_type63
AC_64	AC_D04_02	PrimaryBioSample	MONDO_0007186	gastroesophageal reflux disease	UBERON_0000945	stomach	EFO_0008780	inDrop	AC_D04	NCBITaxon_10090	Mus musculus	male	yes	Frozen	cell_type64
AC_65	AC_D04_02	PrimaryBioSample	MONDO_0007186	gastroesophageal reflux disease	UBERON_0000945	stomach	EFO_0008780	inDrop	AC_D04	NCBITaxon_10090	Mus musculus	male	yes	Frozen	cell_type65
AC_66	AC_D04_02	PrimaryBioSample	MONDO_0007186	gastroesophageal reflux disease	UBERON_0000945	stomach	EFO_0008780	inDrop	AC_D04	NCBITaxon_10090	Mus musculus	male	yes	Frozen	cell_type66
AC_67	AC_D04_02	PrimaryBioSample	MONDO_0007186	gastroesophageal reflux disease	UBERON_0000945	stomach	EFO_0008780	inDrop	AC_D04	NCBITaxon_10090	Mus musculus	male	yes	Frozen	cell_type67
AC_68	AC_D04_02	PrimaryBioSample	MONDO_0007186	gastroesophageal reflux disease	UBERON_0000945	stomach	EFO_0008780	inDrop	AC_D04	NCBITaxon_10090	Mus musculus	male	yes	Frozen	cell_type68
AC_69	AC_D04_02	PrimaryBioSample	MONDO_0007186	gastroesophageal reflux disease	UBERON_0000945	stomach	EFO_0008780	inDrop	AC_D04	NCBITaxon_10090	Mus musculus	male	yes	Frozen	cell_type69
AC_70	AC_D04_02	PrimaryBioSample	MONDO_0007186	gastroesophageal reflux disease	UBERON_0000945	stomach	EFO_0008780	inDrop	AC_D04	NCBITaxon_10090	Mus musculus	male	yes	Frozen	cell_type70
AC_71	AC_D04_01	PrimaryBioSample	MONDO_0007186	gastroesophageal reflux disease	UBERON_0000945	stomach	EFO_0008780	inDrop	AC_D04	NCBITaxon_10090	Mus musculus	male	yes	Frozen	cell_type71
AC_72	AC_D04_01	PrimaryBioSample	MONDO_0007186	gastroesophageal reflux disease	UBERON_0000945	stomach	EFO_0008780	inDrop	AC_D04	NCBITaxon_10090	Mus musculus	male	yes	Frozen	cell_type72
AC_73	AC_D04_01	PrimaryBioSample	MONDO_0007186	gastroesophageal reflux disease	UBERON_0000945	stomach	EFO_0008780	inDrop	AC_D04	NCBITaxon_10090	Mus musculus	male	yes	Frozen	cell_type73
AC_74	AC_D04_01	PrimaryBioSample	MONDO_0007186	gastroesophageal reflux disease	UBERON_0000945	stomach	EFO_0008780	inDrop	AC_D04	NCBITaxon_10090	Mus musculus	male	yes	Frozen	cell_type74
AC_75	AC_D04_01	PrimaryBioSample	MONDO_0007186	gastroesophageal reflux disease	UBERON_0000945	stomach	EFO_0008780	inDrop	AC_D04	NCBITaxon_10090	Mus musculus	male	yes	Frozen	cell_type75
AC_76	AC_D04_01	PrimaryBioSample	MONDO_0007186	gastroesophageal reflux disease	UBERON_0000945	stomach	EFO_0008780	inDrop	AC_D04	NCBITaxon_10090	Mus musculus	male	yes	Frozen	cell_type76
AC_77	AC_D04_01	PrimaryBioSample	MONDO_0007186	gastroesophageal reflux disease	UBERON_0000945	stomach	EFO_0008780	inDrop	AC_D04	NCBITaxon_10090	Mus musculus	male	yes	Frozen	cell_type77
AC_78	AC_D04_01	PrimaryBioSample	MONDO_0007186	gastroesophageal reflux disease	UBERON_0000945	stomach	EFO_0008780	inDrop	AC_D04	NCBITaxon_10090	Mus musculus	male	yes	Frozen	cell_type78
AC_79	AC_D04_01	PrimaryBioSample	MONDO_0007186	gastroesophageal reflux disease	UBERON_0000945	stomach	EFO_0008780	inDrop	AC_D04	NCBITaxon_10090	Mus musculus	male	yes	Frozen	cell_type79
AC_80	AC_D04_01	PrimaryBioSample	MONDO_0007186	gastroesophageal reflux disease	UBERON_0000945	stomach	EFO_0008780	inDrop	AC_D04	NCBITaxon_10090	Mus musculus	male	yes	Frozen	cell_type80
AC_81	AC_D03_01	PrimaryBioSample	MONDO_0007186	gastroesophageal reflux disease	UBERON_0000945	stomach	EFO_0008780	inDrop	AC_D03	NCBITaxon_10090	Mus musculus	male	yes	Frozen	cell_type81
AC_82	AC_D03_01	PrimaryBioSample	MONDO_0007186	gastroesophageal reflux disease	UBERON_0000945	stomach	EFO_0008780	inDrop	AC_D03	NCBITaxon_10090	Mus musculus	male	yes	Frozen	cell_type82
AC_83	AC_D03_01	PrimaryBioSample	MONDO_0007186	gastroesophageal reflux disease	UBERON_0000945	stomach	EFO_0008780	inDrop	AC_D03	NCBITaxon_10090	Mus musculus	male	yes	Frozen	cell_type83
AC_84	AC_D03_01	PrimaryBioSample	MONDO_0007186	gastroesophageal reflux disease	UBERON_0000945	stomach	EFO_0008780	inDrop	AC_D03	NCBITaxon_10090	Mus musculus	male	yes	Frozen	cell_type84
AC_85	AC_D03_01	PrimaryBioSample	MONDO_0007186	gastroesophageal reflux disease	UBERON_0000945	stomach	EFO_0008780	inDrop	AC_D03	NCBITaxon_10090	Mus musculus	male	yes	Frozen	cell_type85
AC_86	AC_D03_01	PrimaryBioSample	MONDO_0007186	gastroesophageal reflux disease	UBERON_0000945	stomach	EFO_0008780	inDrop	AC_D03	NCBITaxon_10090	Mus musculus	male	yes	Frozen	cell_type86
AC_87	AC_D03_01	PrimaryBioSample	MONDO_0007186	gastroesophageal reflux disease	UBERON_0000945	stomach	EFO_0008780	inDrop	AC_D03	NCBITaxon_10090	Mus musculus	male	yes	Frozen	cell_type87
AC_88	AC_D03_01	PrimaryBioSample	MONDO_0007186	gastroesophageal reflux disease	UBERON_0000945	stomach	EFO_0008780	inDrop	AC_D03	NCBITaxon_10090	Mus musculus	male	yes	Frozen	cell_type88
AC_89	AC_D03_01	PrimaryBioSample	MONDO_0007186	gastroesophageal reflux disease	UBERON_0000945	stomach	EFO_0008780	inDrop	AC_D03	NCBITaxon_10090	Mus musculus	male	yes	Frozen	cell_type89
AC_90	AC_D03_01	PrimaryBioSample	MONDO_0007186	gastroesophageal reflux disease	UBERON_0000945	stomach	EFO_0008780	inDrop	AC_D03	NCBITaxon_10090	Mus musculus	male	yes	Frozen	cell_type90
AC_91	AC_D02_02	PrimaryBioSample	MONDO_0007186	gastroesophageal reflux disease	UBERON_0000945	stomach	EFO_0008780	inDrop	AC_D02	NCBITaxon_10090	Mus musculus	male	yes	Frozen	cell_type91
AC_92	AC_D02_02	PrimaryBioSample	MONDO_0007186	gastroesophageal reflux disease	UBERON_0000945	stomach	EFO_0008780	inDrop	AC_D02	NCBITaxon_10090	Mus musculus	male	yes	Frozen	cell_type92
AC_93	AC_D02_02	PrimaryBioSample	MONDO_0007186	gastroesophageal reflux disease	UBERON_0000945	stomach	EFO_0008780	inDrop	AC_D02	NCBITaxon_10090	Mus musculus	male	yes	Frozen	cell_type93
AC_94	AC_D02_02	PrimaryBioSample	MONDO_0007186	gastroesophageal reflux disease	UBERON_0000945	stomach	EFO_0008780	inDrop	AC_D02	NCBITaxon_10090	Mus musculus	male	yes	Frozen	cell_type94
AC_95	AC_D02_02	PrimaryBioSample	MONDO_0007186	gastroesophageal reflux disease	UBERON_0000945	stomach	EFO_0008780	inDrop	AC_D02	NCBITaxon_10090	Mus musculus	male	yes	Frozen	cell_type95
AC_96	AC_D02_02	PrimaryBioSample	MONDO_0007186	gastroesophageal reflux disease	UBERON_0000945	stomach	EFO_0008780	inDrop	AC_D02	NCBITaxon_10090	Mus musculus	male	yes	Frozen	cell_type96
AC_97	AC_D02_02	PrimaryBioSample	MONDO_0007186	gastroesophageal reflux disease	UBERON_0000945	stomach	EFO_0008780	inDrop	AC_D02	NCBITaxon_10090	Mus musculus	male	yes	Frozen	cell_type97
AC_98	AC_D02_02	PrimaryBioSample	MONDO_0007186	gastroesophageal reflux disease	UBERON_0000945	stomach	EFO_0008780	inDrop	AC_D02	NCBITaxon_10090	Mus musculus	male	yes	Frozen	cell_type98
AC_99	AC_D02_02	PrimaryBioSample	MONDO_0007186	gastroesophageal reflux disease	UBERON_0000945	stomach	EFO_0008780	inDrop	AC_D02	NCBITaxon_10090	Mus musculus	male	yes	Frozen	cell_type99
AC_100	AC_D02_02	PrimaryBioSample	MONDO_0007186	gastroesophageal reflux disease	UBERON_0000945	stomach	EFO_0008780	inDrop	AC_D02	NCBITaxon_10090	Mus musculus	male	yes	Frozen	cell_type100
AC_101	AC_D02_01	PrimaryBioSample	MONDO_0007186	gastroesophageal reflux disease	UBERON_0000945	stomach	EFO_0008780	inDrop	AC_D02	NCBITaxon_10090	Mus musculus	male	yes	Frozen	cell_type101
AC_102	AC_D02_01	PrimaryBioSample	MONDO_0007186	gastroesophageal reflux disease	UBERON_0000945	stomach	EFO_0008780	inDrop	AC_D02	NCBITaxon_10090	Mus musculus	male	yes	Frozen	cell_type102
AC_103	AC_D02_01	PrimaryBioSample	MONDO_0007186	gastroesophageal reflux disease	UBERON_0000945	stomach	EFO_0008780	inDrop	AC_D02	NCBITaxon_10090	Mus musculus	male	yes	Frozen	cell_type103
AC_104	AC_D02_01	PrimaryBioSample	MONDO_0007186	gastroesophageal reflux disease	UBERON_0000945	stomach	EFO_0008780	inDrop	AC_D02	NCBITaxon_10090	Mus musculus	male	yes	Frozen	cell_type104
AC_105	AC_D02_01	PrimaryBioSample	MONDO_0007186	gastroesophageal reflux disease	UBERON_0000945	stomach	EFO_0008780	inDrop	AC_D02	NCBITaxon_10090	Mus musculus	male	yes	Frozen	cell_type105
AC_106	AC_D02_01	PrimaryBioSample	MONDO_0007186	gastroesophageal reflux disease	UBERON_0000945	stomach	EFO_0008780	inDrop	AC_D02	NCBITaxon_10090	Mus musculus	male	yes	Frozen	cell_type106
AC_107	AC_D02_01	PrimaryBioSample	MONDO_0007186	gastroesophageal reflux disease	UBERON_0000945	stomach	EFO_0008780	inDrop	AC_D02	NCBITaxon_10090	Mus musculus	male	yes	Frozen	cell_type107
AC_108	AC_D02_01	PrimaryBioSample	MONDO_0007186	gastroesophageal reflux disease	UBERON_0000945	stomach	EFO_0008780	inDrop	AC_D02	NCBITaxon_10090	Mus musculus	male	yes	Frozen	cell_type108
AC_109	AC_D02_01	PrimaryBioSample	MONDO_0007186	gastroesophageal reflux disease	UBERON_0000945	stomach	EFO_0008780	inDrop	AC_D02	NCBITaxon_10090	Mus musculus	male	yes	Frozen	cell_type109
AC_110	AC_D02_01	PrimaryBioSample	MONDO_0007186	gastroesophageal reflux disease	UBERON_0000945	stomach	EFO_0008780	inDrop	AC_D02	NCBITaxon_10090	Mus musculus	male	yes	Frozen	cell_type110
AC_111	AC_D01_02	PrimaryBioSample	MONDO_0007186	gastroesophageal reflux disease	UBERON_0000945	stomach	EFO_0008780	inDrop	AC_D01	NCBITaxon_10090	Mus musculus	male	yes	Frozen	cell_type111
AC_112	AC_D01_02	PrimaryBioSample	MONDO_0007186	gastroesophageal reflux disease	UBERON_0000945	stomach	EFO_0008780	inDrop	AC_D01	NCBITaxon_10090	Mus musculus	male	yes	Frozen	cell_type112
AC_113	AC_D01_02	PrimaryBioSample	MONDO_0007186	gastroesophageal reflux disease	UBERON_0000945	stomach	EFO_0008780	inDrop	AC_D01	NCBITaxon_10090	Mus musculus	male	yes	Frozen	cell_type113
AC_114	AC_D01_02	PrimaryBioSample	MONDO_0007186	gastroesophageal reflux disease	UBERON_0000945	stomach	EFO_0008780	inDrop	AC_D01	NCBITaxon_10090	Mus musculus	male	yes	Frozen	cell_type114
AC_115	AC_D01_02	PrimaryBioSample	MONDO_0007186	gastroesophageal reflux disease	UBERON_0000945	stomach	EFO_0008780	inDrop	AC_D01	NCBITaxon_10090	Mus musculus	male	yes	Frozen	cell_type115
AC_116	AC_D01_02	PrimaryBioSample	MONDO_0007186	gastroesophageal reflux disease	UBERON_0000945	stomach	EFO_0008780	inDrop	AC_D01	NCBITaxon_10090	Mus musculus	male	yes	Frozen	cell_type116
AC_117	AC_D01_02	PrimaryBioSample	MONDO_0007186	gastroesophageal reflux disease	UBERON_0000945	stomach	EFO_0008780	inDrop	AC_D01	NCBITaxon_10090	Mus musculus	male	yes	Frozen	cell_type117
AC_118	AC_D01_02	PrimaryBioSample	MONDO_0007186	gastroesophageal reflux disease	UBERON_0000945	stomach	EFO_0008780	inDrop	AC_D01	NCBITaxon_10090	Mus musculus	male	yes	Frozen	cell_type118
AC_119	AC_D01_02	PrimaryBioSample	MONDO_0007186	gastroesophageal reflux disease	UBERON_0000945	stomach	EFO_0008780	inDrop	AC_D01	NCBITaxon_10090	Mus musculus	male	yes	Frozen	cell_type119
AC_120	AC_D01_02	PrimaryBioSample	MONDO_0007186	gastroesophageal reflux disease	UBERON_0000945	stomach	EFO_0008780	inDrop	AC_D01	NCBITaxon_10090	Mus musculus	male	yes	Frozen	cell_type120
AC_121	AC_D01_01	PrimaryBioSample	MONDO_0007186	gastroesophageal reflux disease	UBERON_0000945	stomach	EFO_0008780	inDrop	AC_D01	NCBITaxon_10090	Mus musculus	male	yes	Frozen	cell_type121
AC_122	AC_D01_01	PrimaryBioSample	MONDO_0007186	gastroesophageal reflux disease	UBERON_0000945	stomach	EFO_0008780	inDrop	AC_D01	NCBITaxon_10090	Mus musculus	male	yes	Frozen	cell_type122
AC_123	AC_D01_01	PrimaryBioSample	MONDO_0007186	gastroesophageal reflux disease	UBERON_0000945	stomach	EFO_0008780	inDrop	AC_D01	NCBITaxon_10090	Mus musculus	male	yes	Frozen	cell_type123
AC_124	AC_D01_01	PrimaryBioSample	MONDO_0007186	gastroesophageal reflux disease	UBERON_0000945	stomach	EFO_0008780	inDrop	AC_D01	NCBITaxon_10090	Mus musculus	male	yes	Frozen	cell_type124
AC_125	AC_D01_01	PrimaryBioSample	MONDO_0007186	gastroesophageal reflux disease	UBERON_0000945	stomach	EFO_0008780	inDrop	AC_D01	NCBITaxon_10090	Mus musculus	male	yes	Frozen	cell_type125
AC_126	AC_D01_01	PrimaryBioSample	MONDO_0007186	gastroesophageal reflux disease	UBERON_0000945	stomach	EFO_0008780	inDrop	AC_D01	NCBITaxon_10090	Mus musculus	male	yes	Frozen	cell_type126
AC_127	AC_D01_01	PrimaryBioSample	MONDO_0007186	gastroesophageal reflux disease	UBERON_0000945	stomach	EFO_0008780	inDrop	AC_D01	NCBITaxon_10090	Mus musculus	male	yes	Frozen	cell_type127
AC_128	AC_D01_01	PrimaryBioSample	MONDO_0007186	gastroesophageal reflux disease	UBERON_0000945	stomach	EFO_0008780	inDrop	AC_D01	NCBITaxon_10090	Mus musculus	male	yes	Frozen	cell_type128
AC_129	AC_D01_01	PrimaryBioSample	MONDO_0007186	gastroesophageal reflux disease	UBERON_0000945	stomach	EFO_0008780	inDrop	AC_D01	NCBITaxon_10090	Mus musculus	male	yes	Frozen	cell_type129
AC_130	AC_D01_01	PrimaryBioSample	MONDO_0007186	gastroesophageal reflux disease	UBERON_0000945	stomach	EFO_0008780	inDrop	AC_D01	NCBITaxon_10090	Mus musculus	male	yes	Frozen	cell_type130
AC_131	AC_D06_02	PrimaryBioSample	MONDO_0007186	gastroesophageal reflux disease	UBERON_0000945	stomach	EFO_0008780	inDrop	AC_D06	NCBITaxon_10090	Mus musculus	male	yes	Frozen	cell_type131
AC_132	AC_D06_02	PrimaryBioSample	MONDO_0007186	gastroesophageal reflux disease	UBERON_0000945	stomach	EFO_0008780	inDrop	AC_D06	NCBITaxon_10090	Mus musculus	male	yes	Frozen	cell_type132
AC_133	AC_D06_02	PrimaryBioSample	MONDO_0007186	gastroesophageal reflux disease	UBERON_0000945	stomach	EFO_0008780	inDrop	AC_D06	NCBITaxon_10090	Mus musculus	male	yes	Frozen	cell_type133
AC_134	AC_D06_02	PrimaryBioSample	MONDO_0007186	gastroesophageal reflux disease	UBERON_0000945	stomach	EFO_0008780	inDrop	AC_D06	NCBITaxon_10090	Mus musculus	male	yes	Frozen	cell_type134
AC_135	AC_D06_02	PrimaryBioSample	MONDO_0007186	gastroesophageal reflux disease	UBERON_0000945	stomach	EFO_0008780	inDrop	AC_D06	NCBITaxon_10090	Mus musculus	male	yes	Frozen	cell_type135
AC_136	AC_D06_02	PrimaryBioSample	MONDO_0007186	gastroesophageal reflux disease	UBERON_0000945	stomach	EFO_0008780	inDrop	AC_D06	NCBITaxon_10090	Mus musculus	male	yes	Frozen	cell_type136
AC_137	AC_D06_02	PrimaryBioSample	MONDO_0007186	gastroesophageal reflux disease	UBERON_0000945	stomach	EFO_0008780	inDrop	AC_D06	NCBITaxon_10090	Mus musculus	male	yes	Frozen	cell_type137
AC_138	AC_D06_02	PrimaryBioSample	MONDO_0007186	gastroesophageal reflux disease	UBERON_0000945	stomach	EFO_0008780	inDrop	AC_D06	NCBITaxon_10090	Mus musculus	male	yes	Frozen	cell_type138
AC_139	AC_D06_02	PrimaryBioSample	MONDO_0007186	gastroesophageal reflux disease	UBERON_0000945	stomach	EFO_0008780	inDrop	AC_D06	NCBITaxon_10090	Mus musculus	male	yes	Frozen	cell_type139
AC_140	AC_D06_02	PrimaryBioSample	MONDO_0007186	gastroesophageal reflux disease	UBERON_0000945	stomach	EFO_0008780	inDrop	AC_D06	NCBITaxon_10090	Mus musculus	male	yes	Frozen	cell_type140
AC_141	AC_D06_02	PrimaryBioSample	MONDO_0007186	gastroesophageal reflux disease	UBERON_0000945	stomach	EFO_0008780	inDrop	AC_D06	NCBITaxon_10090	Mus musculus	male	yes	Frozen	cell_type141
AC_142	AC_D06_02	PrimaryBioSample	MONDO_0007186	gastroesophageal reflux disease	UBERON_0000945	stomach	EFO_0008780	inDrop	AC_D06	NCBITaxon_10090	Mus musculus	male	yes	Frozen	cell_type142
AC_143	AC_D06_02	PrimaryBioSample	MONDO_0007186	gastroesophageal reflux disease	UBERON_0000945	stomach	EFO_0008780	inDrop	AC_D06	NCBITaxon_10090	Mus musculus	male	yes	Frozen	cell_type143
AC_144	AC_D06_02	PrimaryBioSample	MONDO_0007186	gastroesophageal reflux disease	UBERON_0000945	stomach	EFO_0008780	inDrop	AC_D06	NCBITaxon_10090	Mus musculus	male	yes	Frozen	cell_type144
AC_145	AC_D06_02	PrimaryBioSample	MONDO_0007186	gastroesophageal reflux disease	UBERON_0000945	stomach	EFO_0008780	inDrop	AC_D06	NCBITaxon_10090	Mus musculus	male	yes	Frozen	cell_type145
AC_146	AC_D06_02	PrimaryBioSample	MONDO_0007186	gastroesophageal reflux disease	UBERON_0000945	stomach	EFO_0008780	inDrop	AC_D06	NCBITaxon_10090	Mus musculus	male	yes	Frozen	cell_type146
AC_147	AC_D06_02	PrimaryBioSample	MONDO_0007186	gastroesophageal reflux disease	UBERON_0000945	stomach	EFO_0008780	inDrop	AC_D06	NCBITaxon_10090	Mus musculus	male	yes	Frozen	cell_type147
AC_148	AC_D06_02	PrimaryBioSample	MONDO_0007186	gastroesophageal reflux disease	UBERON_0000945	stomach	EFO_0008780	inDrop	AC_D06	NCBITaxon_10090	Mus musculus	male	yes	Frozen	cell_type148
AC_149	AC_D06_02	PrimaryBioSample	MONDO_0007186	gastroesophageal reflux disease	UBERON_0000945	stomach	EFO_0008780	inDrop	AC_D06	NCBITaxon_10090	Mus musculus	male	yes	Frozen	cell_type149
AC_150	AC_D06_02	PrimaryBioSample	MONDO_0007186	gastroesophageal reflux disease	UBERON_0000945	stomach	EFO_0008780	inDrop	AC_D06	NCBITaxon_10090	Mus musculus	male	yes	Frozen	cell_type150
AC_151	AC_D06_02	PrimaryBioSample	MONDO_0007186	gastroesophageal reflux disease	UBERON_0000945	stomach	EFO_0008780	inDrop	AC_D06	NCBITaxon_10090	Mus musculus	male	yes	Frozen	cell_type151
AC_152	AC_D06_02	PrimaryBioSample	MONDO_0007186	gastroesophageal reflux disease	UBERON_0000945	stomach	EFO_0008780	inDrop	AC_D06	NCBITaxon_10090	Mus musculus	male	yes	Frozen	cell_type152
AC_153	AC_D06_02	PrimaryBioSample	MONDO_0007186	gastroesophageal reflux disease	UBERON_0000945	stomach	EFO_0008780	inDrop	AC_D06	NCBITaxon_10090	Mus musculus	male	yes	Frozen	cell_type153
AC_154	AC_D06_02	PrimaryBioSample	MONDO_0007186	gastroesophageal reflux disease	UBERON_0000945	stomach	EFO_0008780	inDrop	AC_D06	NCBITaxon_10090	Mus musculus	male	yes	Frozen	cell_type154
AC_155	AC_D06_02	PrimaryBioSample	MONDO_0007186	gastroesophageal reflux disease	UBERON_0000945	stomach	EFO_0008780	inDrop	AC_D06	NCBITaxon_10090	Mus musculus	male	yes	Frozen	cell_type155
AC_156	AC_D06_02	PrimaryBioSample	MONDO_0007186	gastroesophageal reflux disease	UBERON_0000945	stomach	EFO_0008780	inDrop	AC_D06	NCBITaxon_10090	Mus musculus	male	yes	Frozen	cell_type156
AC_157	AC_D06_02	PrimaryBioSample	MONDO_0007186	gastroesophageal reflux disease	UBERON_0000945	stomach	EFO_0008780	inDrop	AC_D06	NCBITaxon_10090	Mus musculus	male	yes	Frozen	cell_type157
AC_158	AC_D06_02	PrimaryBioSample	MONDO_0007186	gastroesophageal reflux disease	UBERON_0000945	stomach	EFO_0008780	inDrop	AC_D06	NCBITaxon_10090	Mus musculus	male	yes	Frozen	cell_type158
AC_159	AC_D06_02	PrimaryBioSample	MONDO_0007186	gastroesophageal reflux disease	UBERON_0000945	stomach	EFO_0008780	inDrop	AC_D06	NCBITaxon_10090	Mus musculus	male	yes	Frozen	cell_type159
AC_160	AC_D06_02	PrimaryBioSample	MONDO_0007186	gastroesophageal reflux disease	UBERON_0000945	stomach	EFO_0008780	inDrop	AC_D06	NCBITaxon_10090	Mus musculus	male	yes	Frozen	cell_type160
AC_161	AC_D06_02	PrimaryBioSample	MONDO_0007186	gastroesophageal reflux disease	UBERON_0000945	stomach	EFO_0008780	inDrop	AC_D06	NCBITaxon_10090	Mus musculus	male	yes	Frozen	cell_type161
AC_162	AC_D06_02	PrimaryBioSample	MONDO_0007186	gastroesophageal reflux disease	UBERON_0000945	stomach	EFO_0008780	inDrop	AC_D06	NCBITaxon_10090	Mus musculus	male	yes	Frozen	cell_type162
AC_163	AC_D06_02	PrimaryBioSample	MONDO_0007186	gastroesophageal reflux disease	UBERON_0000945	stomach	EFO_0008780	inDrop	AC_D06	NCBITaxon_10090	Mus musculus	male	yes	Frozen	cell_type163
AC_164	AC_D06_02	PrimaryBioSample	MONDO_0007186	gastroesophageal reflux disease	UBERON_0000945	stomach	EFO_0008780	inDrop	AC_D06	NCBITaxon_10090	Mus musculus	male	yes	Frozen	cell_type164
AC_165	AC_D06_02	PrimaryBioSample	MONDO_0007186	gastroesophageal reflux disease	UBERON_0000945	stomach	EFO_0008780	inDrop	AC_D06	NCBITaxon_10090	Mus musculus	male	yes	Frozen	cell_type165
AC_166	AC_D06_02	PrimaryBioSample	MONDO_0007186	gastroesophageal reflux disease	UBERON_0000945	stomach	EFO_0008780	inDrop	AC_D06	NCBITaxon_10090	Mus musculus	male	yes	Frozen	cell_type166
AC_167	AC_D06_02	PrimaryBioSample	MONDO_0007186	gastroesophageal reflux disease	UBERON_0000945	stomach	EFO_0008780	inDrop	AC_D06	NCBITaxon_10090	Mus musculus	male	yes	Frozen	cell_type167
AC_168	AC_D06_02	PrimaryBioSample	MONDO_0007186	gastroesophageal reflux disease	UBERON_0000945	stomach	EFO_0008780	inDrop	AC_D06	NCBITaxon_10090	Mus musculus	male	yes	Frozen	cell_type168
AC_169	AC_D06_02	PrimaryBioSample	MONDO_0007186	gastroesophageal reflux disease	UBERON_0000945	stomach	EFO_0008780	inDrop	AC_D06	NCBITaxon_10090	Mus musculus	male	yes	Frozen	cell_type169
AC_170	AC_D06_02	PrimaryBioSample	MONDO_0007186	gastroesophageal reflux disease	UBERON_0000945	stomach	EFO_0008780	inDrop	AC_D06	NCBITaxon_10090	Mus musculus	male	yes	Frozen	cell_type170
AC_171	AC_D06_02	PrimaryBioSample	MONDO_0007186	gastroesophageal reflux disease	UBERON_0000945	stomach	EFO_0008780	inDrop	AC_D06	NCBITaxon_10090	Mus musculus	male	yes	Frozen	cell_type171
AC_172	AC_D06_02	PrimaryBioSample	MONDO_0007186	gastroesophageal reflux disease	UBERON_0000945	stomach	EFO_0008780	inDrop	AC_D06	NCBITaxon_10090	Mus musculus	male	yes	Frozen	cell_type172
AC_173	AC_D06_02	PrimaryBioSample	MONDO_0007186	gastroesophageal reflux disease	UBERON_0000945	stomach	EFO_0008780	inDrop	AC_D06	NCBITaxon_10090	Mus musculus	male	yes	Frozen	cell_type173
AC_174	AC_D06_02	PrimaryBioSample	MONDO_0007186	gastroesophageal reflux disease	UBERON_0000945	stomach	EFO_0008780	inDrop	AC_D06	NCBITaxon_10090	Mus musculus	male	yes	Frozen	cell_type174
AC_175	AC_D06_02	PrimaryBioSample	MONDO_0007186	gastroesophageal reflux disease	UBERON_0000945	stomach	EFO_0008780	inDrop	AC_D06	NCBITaxon_10090	Mus musculus	male	yes	Frozen	cell_type175
AC_176	AC_D06_02	PrimaryBioSample	MONDO_0007186	gastroesophageal reflux disease	UBERON_0000945	stomach	EFO_0008780	inDrop	AC_D06	NCBITaxon_10090	Mus musculus	male	yes	Frozen	cell_type176
AC_177	AC_D06_02	PrimaryBioSample	MONDO_0007186	gastroesophageal reflux disease	UBERON_0000945	stomach	EFO_0008780	inDrop	AC_D06	NCBITaxon_10090	Mus musculus	male	yes	Frozen	cell_type177
AC_178	AC_D06_02	PrimaryBioSample	MONDO_0007186	gastroesophageal reflux disease	UBERON_0000945	stomach	EFO_0008780	inDrop	AC_D06	NCBITaxon_10090	Mus musculus	male	yes	Frozen	cell_type178
AC_179	AC_D06_02	PrimaryBioSample	MONDO_0007186	gastroesophageal reflux disease	UBERON_0000945	stomach	EFO_0008780	inDrop	AC_D06	NCBITaxon_10090	Mus musculus	male	yes	Frozen	cell_type179
AC_180	AC_D06_02	PrimaryBioSample	MONDO_0007186	gastroesophageal reflux disease	UBERON_0000945	stomach	EFO_0008780	inDrop	AC_D06	NCBITaxon_10090	Mus musculus	male	yes	Frozen	cell_type180
AC_181	AC_D06_02	PrimaryBioSample	MONDO_0007186	gastroesophageal reflux disease	UBERON_0000945	stomach	EFO_0008780	inDrop	AC_D06	NCBITaxon_10090	Mus musculus	male	yes	Frozen	cell_type181
AC_182	AC_D06_02	PrimaryBioSample	MONDO_0007186	gastroesophageal reflux disease	UBERON_0000945	stomach	EFO_0008780	inDrop	AC_D06	NCBITaxon_10090	Mus musculus	male	yes	Frozen	cell_type182
AC_183	AC_D06_02	PrimaryBioSample	MONDO_0007186	gastroesophageal reflux disease	UBERON_0000945	stomach	EFO_0008780	inDrop	AC_D06	NCBITaxon_10090	Mus musculus	male	yes	Frozen	cell_type183
AC_184	AC_D06_02	PrimaryBioSample	MONDO_0007186	gastroesophageal reflux disease	UBERON_0000945	stomach	EFO_0008780	inDrop	AC_D06	NCBITaxon_10090	Mus musculus	male	yes	Frozen	cell_type184
AC_185	AC_D06_02	PrimaryBioSample	MONDO_0007186	gastroesophageal reflux disease	UBERON_0000945	stomach	EFO_0008780	inDrop	AC_D06	NCBITaxon_10090	Mus musculus	male	yes	Frozen	cell_type185
AC_186	AC_D06_02	PrimaryBioSample	MONDO_0007186	gastroesophageal reflux disease	UBERON_0000945	stomach	EFO_0008780	inDrop	AC_D06	NCBITaxon_10090	Mus musculus	male	yes	Frozen	cell_type186
AC_187	AC_D06_02	PrimaryBioSample	MONDO_0007186	gastroesophageal reflux disease	UBERON_0000945	stomach	EFO_0008780	inDrop	AC_D06	NCBITaxon_10090	Mus musculus	male	yes	Frozen	cell_type187
AC_188	AC_D06_02	PrimaryBioSample	MONDO_0007186	gastroesophageal reflux disease	UBERON_0000945	stomach	EFO_0008780	inDrop	AC_D06	NCBITaxon_10090	Mus musculus	male	yes	Frozen	cell_type188
AC_189	AC_D06_02	PrimaryBioSample	MONDO_0007186	gastroesophageal reflux disease	UBERON_0000945	stomach	EFO_0008780	inDrop	AC_D06	NCBITaxon_10090	Mus musculus	male	yes	Frozen	cell_type189
AC_190	AC_D06_02	PrimaryBioSample	MONDO_0007186	gastroesophageal reflux disease	UBERON_0000945	stomach	EFO_0008780	inDrop	AC_D06	NCBITaxon_10090	Mus musculus	male	yes	Frozen	cell_type190
AC_191	AC_D06_02	PrimaryBioSample	MONDO_0007186	gastroesophageal reflux disease	UBERON_0000945	stomach	EFO_0008780	inDrop	AC_D06	NCBITaxon_10090	Mus musculus	male	yes	Frozen	cell_type191
AC_192	AC_D06_02	PrimaryBioSample	MONDO_0007186	gastroesophageal reflux disease	UBERON_0000945	stomach	EFO_0008780	inDrop	AC_D06	NCBITaxon_10090	Mus musculus	male	yes	Frozen	cell_type192
AC_193	AC_D06_02	PrimaryBioSample	MONDO_0007186	gastroesophageal reflux disease	UBERON_0000945	stomach	EFO_0008780	inDrop	AC_D06	NCBITaxon_10090	Mus musculus	male	yes	Frozen	cell_type193
AC_194	AC_D06_02	PrimaryBioSample	MONDO_0007186	gastroesophageal reflux disease	UBERON_0000945	stomach	EFO_0008780	inDrop	AC_D06	NCBITaxon_10090	Mus musculus	male	yes	Frozen	cell_type194
AC_195	AC_D06_02	PrimaryBioSample	MONDO_0007186	gastroesophageal reflux disease	UBERON_0000945	stomach	EFO_0008780	inDrop	AC_D06	NCBITaxon_10090	Mus musculus	male	yes	Frozen	cell_type195
AC_196	AC_D06_02	PrimaryBioSample	MONDO_0007186	gastroesophageal reflux disease	UBERON_0000945	stomach	EFO_0008780	inDrop	AC_D06	NCBITaxon_10090	Mus musculus	male	yes	Frozen	cell_type196
AC_197	AC_D06_02	PrimaryBioSample	MONDO_0007186	gastroesophageal reflux disease	UBERON_0000945	stomach	EFO_0008780	inDrop	AC_D06	NCBITaxon_10090	Mus musculus	male	yes	Frozen	cell_type197
AC_198	AC_D06_02	PrimaryBioSample	MONDO_0007186	gastroesophageal reflux disease	UBERON_0000945	stomach	EFO_0008780	inDrop	AC_D06	NCBITaxon_10090	Mus musculus	male	yes	Frozen	cell_type198
AC_199	AC_D06_02	PrimaryBioSample	MONDO_0007186	gastroesophageal reflux disease	UBERON_0000945	stomach	EFO_0008780	inDrop	AC_D06	NCBITaxon_10090	Mus musculus	male	yes	Frozen	cell_type199
AC_200	AC_D06_02	PrimaryBioSample	MONDO_0007186	gastroesophageal reflux disease	UBERON_0000945	stomach	EFO_0008780	inDrop	AC_D06	NCBITaxon_10090	Mus musculus	male	yes	Frozen	cell_type200
AC_201	AC_D06_02	PrimaryBioSample	MONDO_0007186	gastroesophageal reflux disease	UBERON_0000945	stomach	EFO_0008780	inDrop	AC_D06	NCBITaxon_10090	Mus musculus	male	yes	Frozen	cell_type201
AC_202	AC_D06_02	PrimaryBioSample	MONDO_0007186	gastroesophageal reflux disease	UBERON_0000945	stomach	EFO_0008780	inDrop	AC_D06	NCBITaxon_10090	Mus musculus	male	yes	Frozen	cell_type202
AC_203	AC_D06_02	PrimaryBioSample	MONDO_0007186	gastroesophageal reflux disease	UBERON_0000945	stomach	EFO_0008780	inDrop	AC_D06	NCBITaxon_10090	Mus musculus	male	yes	Frozen	cell_type203
AC_204	AC_D06_02	PrimaryBioSample	MONDO_0007186	gastroesophageal reflux disease	UBERON_0000945	stomach	EFO_0008780	inDrop	AC_D06	NCBITaxon_10090	Mus musculus	male	yes	Frozen	cell_type204
AC_205	AC_D06_02	PrimaryBioSample	MONDO_0007186	gastroesophageal reflux disease	UBERON_0000945	stomach	EFO_0008780	inDrop	AC_D06	NCBITaxon_10090	Mus musculus	male	yes	Frozen	cell_type205
AC_206	AC_D06_02	PrimaryBioSample	MONDO_0007186	gastroesophageal reflux disease	UBERON_0000945	stomach	EFO_0008780	inDrop	AC_D06	NCBITaxon_10090	Mus musculus	male	yes	Frozen	cell_type206
AC_207	AC_D06_02	PrimaryBioSample	MONDO_0007186	gastroesophageal reflux disease	UBERON_0000945	stomach	EFO_0008780	inDrop	AC_D06	NCBITaxon_10090	Mus musculus	male	yes	Frozen	cell_type207
AC_208	AC_D06_02	PrimaryBioSample	MONDO_0007186	gastroesophageal reflux disease	UBERON_0000945	stomach	EFO_0008780	inDrop	AC_D06	NCBITaxon_10090	Mus musculus	male	yes	Frozen	cell_type208
AC_209	AC_D06_02	PrimaryBioSample	MONDO_0007186	gastroesophageal reflux disease	UBERON_0000945	stomach	EFO_0008780	inDrop	AC_D06	NCBITaxon_10090	Mus musculus	male	yes	Frozen	cell_type209
AC_210	AC_D06_02	PrimaryBioSample	MONDO_0007186	gastroesophageal reflux disease	UBERON_0000945	stomach	EFO_0008780	inDrop	AC_D06	NCBITaxon_10090	Mus musculus	male	yes	Frozen	cell_type210
AC_211	AC_D06_02	PrimaryBioSample	MONDO_0007186	gastroesophageal reflux disease	UBERON_0000945	stomach	EFO_0008780	inDrop	AC_D06	NCBITaxon_10090	Mus musculus	male	yes	Frozen	cell_type211
AC_212	AC_D06_02	PrimaryBioSample	MONDO_0007186	gastroesophageal reflux disease	UBERON_0000945	stomach	EFO_0008780	inDrop	AC_D06	NCBITaxon_10090	Mus musculus	male	yes	Frozen	cell_type212
AC_213	AC_D06_02	PrimaryBioSample	MONDO_0007186	gastroesophageal reflux disease	UBERON_0000945	stomach	EFO_0008780	inDrop	AC_D06	NCBITaxon_10090	Mus musculus	male	yes	Frozen	cell_type213
AC_214	AC_D06_02	PrimaryBioSample	MONDO_0007186	gastroesophageal reflux disease	UBERON_0000945	stomach	EFO_0008780	inDrop	AC_D06	NCBITaxon_10090	Mus musculus	male	yes	Frozen	cell_type214
AC_215	AC_D06_02	PrimaryBioSample	MONDO_0007186	gastroesophageal reflux disease	UBERON_0000945	stomach	EFO_0008780	inDrop	AC_D06	NCBITaxon_10090	Mus musculus	male	yes	Frozen	cell_type215
AC_216	AC_D06_02	PrimaryBioSample	MONDO_0007186	gastroesophageal reflux disease	UBERON_0000945	stomach	EFO_0008780	inDrop	AC_D06	NCBITaxon_10090	Mus musculus	male	yes	Frozen	cell_type216
AC_217	AC_D06_02	PrimaryBioSample	MONDO_0007186	gastroesophageal reflux disease	UBERON_0000945	stomach	EFO_0008780	inDrop	AC_D06	NCBITaxon_10090	Mus musculus	male	yes	Frozen	cell_type217
AC_218	AC_D06_02	PrimaryBioSample	MONDO_0007186	gastroesophageal reflux disease	UBERON_0000945	stomach	EFO_0008780	inDrop	AC_D06	NCBITaxon_10090	Mus musculus	male	yes	Frozen	cell_type218
AC_219	AC_D06_02	PrimaryBioSample	MONDO_0007186	gastroesophageal reflux disease	UBERON_0000945	stomach	EFO_0008780	inDrop	AC_D06	NCBITaxon_10090	Mus musculus	male	yes	Frozen	cell_type219
AC_220	AC_D06_02	PrimaryBioSample	MONDO_0007186	gastroesophageal reflux disease	UBERON_0000945	stomach	EFO_0008780	inDrop	AC_D06	NCBITaxon_10090	Mus musculus	male	yes	Frozen	cell_type220
AC_221	AC_D06_02	PrimaryBioSample	MONDO_0007186	gastroesophageal reflux disease	UBERON_0000945	stomach	EFO_0008780	inDrop	AC_D06	NCBITaxon_10090	Mus musculus	male	yes	Frozen	cell_type221
AC_222	AC_D06_02	PrimaryBioSample	MONDO_0007186	gastroesophageal reflux disease	UBERON_0000945	stomach	EFO_0008780	inDrop	AC_D06	NCBITaxon_10090	Mus musculus	male	yes	Frozen	cell_type222
AC_223	AC_D06_02	PrimaryBioSample	MONDO_0007186	gastroesophageal reflux disease	UBERON_0000945	stomach	EFO_0008780	inDrop	AC_D06	NCBITaxon_10090	Mus musculus	male	yes	Frozen	cell_type223
AC_224	AC_D06_02	PrimaryBioSample	MONDO_0007186	gastroesophageal reflux disease	UBERON_0000945	stomach	EFO_0008780	inDrop	AC_D06	NCBITaxon_10090	Mus musculus	male	yes	Frozen	cell_type224
AC_225	AC_D06_02	PrimaryBioSample	MONDO_0007186	gastroesophageal reflux disease	UBERON_0000945	stomach	EFO_0008780	inDrop	AC_D06	NCBITaxon_10090	Mus musculus	male	yes	Frozen	cell_type225
AC_226	AC_D06_02	PrimaryBioSample	MONDO_0007186	gastroesophageal reflux disease	UBERON_0000945	stomach	EFO_0008780	inDrop	AC_D06	NCBITaxon_10090	Mus musculus	male	yes	Frozen	cell_type226
AC_227	AC_D06_02	PrimaryBioSample	MONDO_0007186	gastroesophageal reflux disease	UBERON_0000945	stomach	EFO_0008780	inDrop	AC_D06	NCBITaxon_10090	Mus musculus	male	yes	Frozen	cell_type227
AC_228	AC_D06_02	PrimaryBioSample	MONDO_0007186	gastroesophageal reflux disease	UBERON_0000945	stomach	EFO_0008780	inDrop	AC_D06	NCBITaxon_10090	Mus musculus	male	yes	Frozen	cell_type228
AC_229	AC_D06_02	PrimaryBioSample	MONDO_0007186	gastroesophageal reflux disease	UBERON_0000945	stomach	EFO_0008780	inDrop	AC_D06	NCBITaxon_10090	Mus musculus	male	yes	Frozen	cell_type229
AC_230	AC_D06_02	PrimaryBioSample	MONDO_0007186	gastroesophageal reflux disease	UBERON_0000945	stomach	EFO_0008780	inDrop	AC_D06	NCBITaxon_10090	Mus musculus	male	yes	Frozen	cell_type230
AC_231	AC_D06_02	PrimaryBioSample	MONDO_0007186	gastroesophageal reflux disease	UBERON_0000945	stomach	EFO_0008780	inDrop	AC_D06	NCBITaxon_10090	Mus musculus	male	yes	Frozen	cell_type231
AC_232	AC_D06_02	PrimaryBioSample	MONDO_0007186	gastroesophageal reflux disease	UBERON_0000945	stomach	EFO_0008780	inDrop	AC_D06	NCBITaxon_10090	Mus musculus	male	yes	Frozen	cell_type232
AC_233	AC_D06_02	PrimaryBioSample	MONDO_0007186	gastroesophageal reflux disease	UBERON_0000945	stomach	EFO_0008780	inDrop	AC_D06	NCBITaxon_10090	Mus musculus	male	yes	Frozen	cell_type233
AC_234	AC_D06_02	PrimaryBioSample	MONDO_0007186	gastroesophageal reflux disease	UBERON_0000945	stomach	EFO_0008780	inDrop	AC_D06	NCBITaxon_10090	Mus musculus	male	yes	Frozen	cell_type234
AC_235	AC_D06_02	PrimaryBioSample	MONDO_0007186	gastroesophageal reflux disease	UBERON_0000945	stomach	EFO_0008780	inDrop	AC_D06	NCBITaxon_10090	Mus musculus	male	yes	Frozen	cell_type235
AC_236	AC_D06_02	PrimaryBioSample	MONDO_0007186	gastroesophageal reflux disease	UBERON_0000945	stomach	EFO_0008780	inDrop	AC_D06	NCBITaxon_10090	Mus musculus	male	yes	Frozen	cell_type236
AC_237	AC_D06_02	PrimaryBioSample	MONDO_0007186	gastroesophageal reflux disease	UBERON_0000945	stomach	EFO_0008780	inDrop	AC_D06	NCBITaxon_10090	Mus musculus	male	yes	Frozen	cell_type237
AC_238	AC_D06_02	PrimaryBioSample	MONDO_0007186	gastroesophageal reflux disease	UBERON_0000945	stomach	EFO_0008780	inDrop	AC_D06	NCBITaxon_10090	Mus musculus	male	yes	Frozen	cell_type238
AC_239	AC_D06_02	PrimaryBioSample	MONDO_0007186	gastroesophageal reflux disease	UBERON_0000945	stomach	EFO_0008780	inDrop	AC_D06	NCBITaxon_10090	Mus musculus	male	yes	Frozen	cell_type239
AC_240	AC_D06_02	PrimaryBioSample	MONDO_0007186	gastroesophageal reflux disease	UBERON_0000945	stomach	EFO_0008780	inDrop	AC_D06	NCBITaxon_10090	Mus musculus	male	yes	Frozen	cell_type240
AC_241	AC_D06_02	PrimaryBioSample	MONDO_0007186	gastroesophageal reflux disease	UBERON_0000945	stomach	EFO_0008780	inDrop	AC_D06	NCBITaxon_10090	Mus musculus	male	yes	Frozen	cell_type241
AC_242	AC_D06_02	PrimaryBioSample	MONDO_0007186	gastroesophageal reflux disease	UBERON_0000945	stomach	EFO_0008780	inDrop	AC_D06	NCBITaxon_10090	Mus musculus	male	yes	Frozen	cell_type242
AC_243	AC_D06_02	PrimaryBioSample	MONDO_0007186	gastroesophageal reflux disease	UBERON_0000945	stomach	EFO_0008780	inDrop	AC_D06	NCBITaxon_10090	Mus musculus	male	yes	Frozen	cell_type243
AC_244	AC_D06_02	PrimaryBioSample	MONDO_0007186	gastroesophageal reflux disease	UBERON_0000945	stomach	EFO_0008780	inDrop	AC_D06	NCBITaxon_10090	Mus musculus	male	yes	Frozen	cell_type244
AC_245	AC_D06_02	PrimaryBioSample	MONDO_0007186	gastroesophageal reflux disease	UBERON_0000945	stomach	EFO_0008780	inDrop	AC_D06	NCBITaxon_10090	Mus musculus	male	yes	Frozen	cell_type245
AC_246	AC_D06_02	PrimaryBioSample	MONDO_0007186	gastroesophageal reflux disease	UBERON_0000945	stomach	EFO_0008780	inDrop	AC_D06	NCBITaxon_10090	Mus musculus	male	yes	Frozen	cell_type246
AC_247	AC_D06_02	PrimaryBioSample	MONDO_0007186	gastroesophageal reflux disease	UBERON_0000945	stomach	EFO_0008780	inDrop	AC_D06	NCBITaxon_10090	Mus musculus	male	yes	Frozen	cell_type247
AC_248	AC_D06_02	PrimaryBioSample	MONDO_0007186	gastroesophageal reflux disease	UBERON_0000945	stomach	EFO_0008780	inDrop	AC_D06	NCBITaxon_10090	Mus musculus	male	yes	Frozen	cell_type248
AC_249	AC_D06_02	PrimaryBioSample	MONDO_0007186	gastroesophageal reflux disease	UBERON_0000945	stomach	EFO_0008780	inDrop	AC_D06	NCBITaxon_10090	Mus musculus	male	yes	Frozen	cell_type249
AC_250	AC_D06_02	PrimaryBioSample	MONDO_0007186	gastroesophageal reflux disease	UBERON_0000945	stomach	EFO_0008780	inDrop	AC_D06	NCBITaxon_10090	Mus musculus	male	yes	Frozen	cell_type250
AC_251	AC_D06_02	PrimaryBioSample	MONDO_0007186	gastroesophageal reflux disease	UBERON_0000945	stomach	EFO_0008780	inDrop	AC_D06	NCBITaxon_10090	Mus musculus	male	yes	Frozen	cell_type251
AC_252	AC_D06_02	PrimaryBioSample	MONDO_0007186	gastroesophageal reflux disease	UBERON_0000945	stomach	EFO_0008780	inDrop	AC_D06	NCBITaxon_10090	Mus musculus	male	yes	Frozen	cell_type252
AC_253	AC_D06_02	PrimaryBioSample	MONDO_0007186	gastroesophageal reflux disease	UBERON_0000945	stomach	EFO_0008780	inDrop	AC_D06	NCBITaxon_10090	Mus musculus	male	yes	Frozen	cell_type253
AC_254	AC_D06_02	PrimaryBioSample	MONDO_0007186	gastroesophageal reflux disease	UBERON_0000945	stomach	EFO_0008780	inDrop	AC_D06	NCBITaxon_10090	Mus musculus	male	yes	Frozen	cell_type254
AC_255	AC_D06_02	PrimaryBioSample	MONDO_0007186	gastroesophageal reflux disease	UBERON_0000945	stomach	EFO_0008780	inDrop	AC_D06	NCBITaxon_10090	Mus musculus	male	yes	Frozen	cell_type255
AC_256	AC_D06_02	PrimaryBioSample	MONDO_0007186	gastroesophageal reflux disease	UBERON_0000945	stomach	EFO_0008780	inDrop	AC_D06	NCBITaxon_10090	Mus musculus	male	yes	Frozen	cell_type256
AC_257	AC_D06_02	PrimaryBioSample	MONDO_0007186	gastroesophageal reflux disease	UBERON_0000945	stomach	EFO_0008780	inDrop	AC_D06	NCBITaxon_10090	Mus musculus	male	yes	Frozen	cell_type257
AC_258	AC_D06_02	PrimaryBioSample	MONDO_0007186	gastroesophageal reflux disease	UBERON_0000945	stomach	EFO_0008780	inDrop	AC_D06	NCBITaxon_10090	Mus musculus	male	yes	Frozen	cell_type258
AC_259	AC_D06_02	PrimaryBioSample	MONDO_0007186	gastroesophageal reflux disease	UBERON_0000945	stomach	EFO_0008780	inDrop	AC_D06	NCBITaxon_10090	Mus musculus	male	yes	Frozen	cell_type259
AC_260	AC_D06_02	PrimaryBioSample	MONDO_0007186	gastroesophageal reflux disease	UBERON_0000945	stomach	EFO_0008780	inDrop	AC_D06	NCBITaxon_10090	Mus musculus	male	yes	Frozen	cell_type260
AC_261	AC_D06_02	PrimaryBioSample	MONDO_0007186	gastroesophageal reflux disease	UBERON_0000945	stomach	EFO_0008780	inDrop	AC_D06	NCBITaxon_10090	Mus musculus	male	yes	Frozen	cell_type261
AC_262	AC_D06_02	PrimaryBioSample	MONDO_0007186	gastroesophageal reflux disease	UBERON_0000945	stomach	EFO_0008780	inDrop	AC_D06	NCBITaxon_10090	Mus musculus	male	yes	Frozen	cell_type262
AC_263	AC_D06_02	PrimaryBioSample	MONDO_0007186	gastroesophageal reflux disease	UBERON_0000945	stomach	EFO_0008780	inDrop	AC_D06	NCBITaxon_10090	Mus musculus	male	yes	Frozen	cell_type263
AC_264	AC_D06_02	PrimaryBioSample	MONDO_0007186	gastroesophageal reflux disease	UBERON_0000945	stomach	EFO_0008780	inDrop	AC_D06	NCBITaxon_10090	Mus musculus	male	yes	Frozen	cell_type264
AC_265	AC_D06_02	PrimaryBioSample	MONDO_0007186	gastroesophageal reflux disease	UBERON_0000945	stomach	EFO_0008780	inDrop	AC_D06	NCBITaxon_10090	Mus musculus	male	yes	Frozen	cell_type265
AC_266	AC_D06_02	PrimaryBioSample	MONDO_0007186	gastroesophageal reflux disease	UBERON_0000945	stomach	EFO_0008780	inDrop	AC_D06	NCBITaxon_10090	Mus musculus	male	yes	Frozen	cell_type266
AC_267	AC_D06_02	PrimaryBioSample	MONDO_0007186	gastroesophageal reflux disease	UBERON_0000945	stomach	EFO_0008780	inDrop	AC_D06	NCBITaxon_10090	Mus musculus	male	yes	Frozen	cell_type267
AC_268	AC_D06_02	PrimaryBioSample	MONDO_0007186	gastroesophageal reflux disease	UBERON_0000945	stomach	EFO_0008780	inDrop	AC_D06	NCBITaxon_10090	Mus musculus	male	yes	Frozen	cell_type268
AC_269	AC_D06_02	PrimaryBioSample	MONDO_0007186	gastroesophageal reflux disease	UBERON_0000945	stomach	EFO_0008780	inDrop	AC_D06	NCBITaxon_10090	Mus musculus	male	yes	Frozen	cell_type269
AC_270	AC_D06_02	PrimaryBioSample	MONDO_0007186	gastroesophageal reflux disease	UBERON_0000945	stomach	EFO_0008780	inDrop	AC_D06	NCBITaxon_10090	Mus musculus	male	yes	Frozen	cell_type270
AC_271	AC_D06_02	PrimaryBioSample	MONDO_0007186	gastroesophageal reflux disease	UBERON_0000945	stomach	EFO_0008780	inDrop	AC_D06	NCBITaxon_10090	Mus musculus	male	yes	Frozen	cell_type271
AC_272	AC_D06_02	PrimaryBioSample	MONDO_0007186	gastroesophageal reflux disease	UBERON_0000945	stomach	EFO_0008780	inDrop	AC_D06	NCBITaxon_10090	Mus musculus	male	yes	Frozen	cell_type272
AC_273	AC_D06_02	PrimaryBioSample	MONDO_0007186	gastroesophageal reflux disease	UBERON_0000945	stomach	EFO_0008780	inDrop	AC_D06	NCBITaxon_10090	Mus musculus	male	yes	Frozen	cell_type273
AC_274	AC_D06_02	PrimaryBioSample	MONDO_0007186	gastroesophageal reflux disease	UBERON_0000945	stomach	EFO_0008780	inDrop	AC_D06	NCBITaxon_10090	Mus musculus	male	yes	Frozen	cell_type274
AC_275	AC_D06_02	PrimaryBioSample	MONDO_0007186	gastroesophageal reflux disease	UBERON_0000945	stomach	EFO_0008780	inDrop	AC_D06	NCBITaxon_10090	Mus musculus	male	yes	Frozen	cell_type275
AC_276	AC_D06_02	PrimaryBioSample	MONDO_0007186	gastroesophageal reflux disease	UBERON_0000945	stomach	EFO_0008780	inDrop	AC_D06	NCBITaxon_10090	Mus musculus	male	yes	Frozen	cell_type276
AC_277	AC_D06_02	PrimaryBioSample	MONDO_0007186	gastroesophageal reflux disease	UBERON_0000945	stomach	EFO_0008780	inDrop	AC_D06	NCBITaxon_10090	Mus musculus	male	yes	Frozen	cell_type277
AC_278	AC_D06_02	PrimaryBioSample	MONDO_0007186	gastroesophageal reflux disease	UBERON_0000945	stomach	EFO_0008780	inDrop	AC_D06	NCBITaxon_10090	Mus musculus	male	yes	Frozen	cell_type278
AC_279	AC_D06_02	PrimaryBioSample	MONDO_0007186	gastroesophageal reflux disease	UBERON_0000945	stomach	EFO_0008780	inDrop	AC_D06	NCBITaxon_10090	Mus musculus	male	yes	Frozen	cell_type279
AC_280	AC_D06_02	PrimaryBioSample	MONDO_0007186	gastroesophageal reflux disease	UBERON_0000945	stomach	EFO_0008780	inDrop	AC_D06	NCBITaxon_10090	Mus musculus	male	yes	Frozen	cell_type280
AC_281	AC_D06_02	PrimaryBioSample	MONDO_0007186	gastroesophageal reflux disease	UBERON_0000945	stomach	EFO_0008780	inDrop	AC_D06	NCBITaxon_10090	Mus musculus	male	yes	Frozen	cell_type281
AC_282	AC_D06_02	PrimaryBioSample	MONDO_0007186	gastroesophageal reflux disease	UBERON_0000945	stomach	EFO_0008780	inDrop	AC_D06	NCBITaxon_10090	Mus musculus	male	yes	Frozen	cell_type282
AC_283	AC_D06_02	PrimaryBioSample	MONDO_0007186	gastroesophageal reflux disease	UBERON_0000945	stomach	EFO_0008780	inDrop	AC_D06	NCBITaxon_10090	Mus musculus	male	yes	Frozen	cell_type283
AC_284	AC_D06_02	PrimaryBioSample	MONDO_0007186	gastroesophageal reflux disease	UBERON_0000945	stomach	EFO_0008780	inDrop	AC_D06	NCBITaxon_10090	Mus musculus	male	yes	Frozen	cell_type284
AC_285	AC_D06_02	PrimaryBioSample	MONDO_0007186	gastroesophageal reflux disease	UBERON_0000945	stomach	EFO_0008780	inDrop	AC_D06	NCBITaxon_10090	Mus musculus	male	yes	Frozen	cell_type285
AC_286	AC_D06_02	PrimaryBioSample	MONDO_0007186	gastroesophageal reflux disease	UBERON_0000945	stomach	EFO_0008780	inDrop	AC_D06	NCBITaxon_10090	Mus musculus	male	yes	Frozen	cell_type286
AC_287	AC_D06_02	PrimaryBioSample	MONDO_0007186	gastroesophageal reflux disease	UBERON_0000945	stomach	EFO_0008780	inDrop	AC_D06	NCBITaxon_10090	Mus musculus	male	yes	Frozen	cell_type287
AC_288	AC_D06_02	PrimaryBioSample	MONDO_0007186	gastroesophageal reflux disease	UBERON_0000945	stomach	EFO_0008780	inDrop	AC_D06	NCBITaxon_10090	Mus musculus	male	yes	Frozen	cell_type288
AC_289	AC_D06_02	PrimaryBioSample	MONDO_0007186	gastroesophageal reflux disease	UBERON_0000945	stomach	EFO_0008780	inDrop	AC_D06	NCBITaxon_10090	Mus musculus	male	yes	Frozen	cell_type289
AC_290	AC_D06_02	PrimaryBioSample	MONDO_0007186	gastroesophageal reflux disease	UBERON_0000945	stomach	EFO_0008780	inDrop	AC_D06	NCBITaxon_10090	Mus musculus	male	yes	Frozen	cell_type290
AC_291	AC_D06_02	PrimaryBioSample	MONDO_0007186	gastroesophageal reflux disease	UBERON_0000945	stomach	EFO_0008780	inDrop	AC_D06	NCBITaxon_10090	Mus musculus	male	yes	Frozen	cell_type291
AC_292	AC_D06_02	PrimaryBioSample	MONDO_0007186	gastroesophageal reflux disease	UBERON_0000945	stomach	EFO_0008780	inDrop	AC_D06	NCBITaxon_10090	Mus musculus	male	yes	Frozen	cell_type292
AC_293	AC_D06_02	PrimaryBioSample	MONDO_0007186	gastroesophageal reflux disease	UBERON_0000945	stomach	EFO_0008780	inDrop	AC_D06	NCBITaxon_10090	Mus musculus	male	yes	Frozen	cell_type293
AC_294	AC_D06_02	PrimaryBioSample	MONDO_0007186	gastroesophageal reflux disease	UBERON_0000945	stomach	EFO_0008780	inDrop	AC_D06	NCBITaxon_10090	Mus musculus	male	yes	Frozen	cell_type294
AC_295	AC_D06_02	PrimaryBioSample	MONDO_0007186	gastroesophageal reflux disease	UBERON_0000945	stomach	EFO_0008780	inDrop	AC_D06	NCBITaxon_10090	Mus musculus	male	yes	Frozen	cell_type295
AC_296	AC_D06_02	PrimaryBioSample	MONDO_0007186	gastroesophageal reflux disease	UBERON_0000945	stomach	EFO_0008780	inDrop	AC_D06	NCBITaxon_10090	Mus musculus	male	yes	Frozen	cell_type296
AC_297	AC_D06_02	PrimaryBioSample	MONDO_0007186	gastroesophageal reflux disease	UBERON_0000945	stomach	EFO_0008780	inDrop	AC_D06	NCBITaxon_10090	Mus musculus	male	yes	Frozen	cell_type297
AC_298	AC_D06_02	PrimaryBioSample	MONDO_0007186	gastroesophageal reflux disease	UBERON_0000945	stomach	EFO_0008780	inDrop	AC_D06	NCBITaxon_10090	Mus musculus	male	yes	Frozen	cell_type298
AC_299	AC_D06_02	PrimaryBioSample	MONDO_0007186	gastroesophageal reflux disease	UBERON_0000945	stomach	EFO_0008780	inDrop	AC_D06	NCBITaxon_10090	Mus musculus	male	yes	Frozen	cell_type299
AC_300	AC_D06_02	PrimaryBioSample	MONDO_0007186	gastroesophageal reflux disease	UBERON_0000945	stomach	EFO_0008780	inDrop	AC_D06	NCBITaxon_10090	Mus musculus	male	yes	Frozen	cell_type300
AC_301	AC_D06_02	PrimaryBioSample	MONDO_0007186	gastroesophageal reflux disease	UBERON_0000945	stomach	EFO_0008780	inDrop	AC_D06	NCBITaxon_10090	Mus musculus	male	yes	Frozen	cell_type301
AC_302	AC_D06_02	PrimaryBioSample	MONDO_0007186	gastroesophageal reflux disease	UBERON_0000945	stomach	EFO_0008780	inDrop	AC_D06	NCBITaxon_10090	Mus musculus	male	yes	Frozen	cell_type302
AC_303	AC_D06_02	PrimaryBioSample	MONDO_0007186	gastroesophageal reflux disease	UBERON_0000945	stomach	EFO_0008780	inDrop	AC_D06	NCBITaxon_10090	Mus musculus	male	yes	Frozen	cell_type303